artist,title,raw_title,date,source_url
Actual,A Little Treat,Actual - A Little Treat,2026-03-24,https://www.youtube.com/watch?v=lPqap-SCKhg
Gora & Eloy,Still a Mystery,Still a Mystery,2026-03-24,https://www.youtube.com/watch?v=GZif9y8FoJA
Mongo Bongo,Got To Get Up (The Strange Strings & Things Mix) (2001),Mongo Bongo - Got To Get Up (The Strange Strings & Things Mix) (2001),2026-03-24,https://www.youtube.com/watch?v=OvxaNug1rGk
SoundBwoy Addiction,Fck U,SoundBwoy Addiction - Fck U,2026-03-24,https://www.youtube.com/watch?v=0Is4dE2kF_8
Portable,Bubble World,Bubble World,2026-03-24,https://www.youtube.com/watch?v=dJNp6XvlXp0
Unlawful DJ's,Renegade Master (CRIMINAL 008),Unlawful DJ's - Renegade Master (CRIMINAL 008),2026-03-24,https://www.youtube.com/watch?v=6vvQ96dDBqE
Craig Graham,Giv Your Luv To Me,Craig Graham  - Giv Your Luv To Me,2026-03-24,https://www.youtube.com/watch?v=iGifK1SKJbk
React,Love Reaction (Invisible Dub),React - Love Reaction (Invisible Dub),2026-03-24,https://www.youtube.com/watch?v=svsejuyNEYU
Craig Graham,Do It Properly,Craig Graham  - Do It Properly,2026-03-24,https://www.youtube.com/watch?v=X78857KgJ4o
Lissat & Voltaxx,Young and Beautiful (Original Mix),Young and Beautiful (Original Mix),2026-03-24,https://www.youtube.com/watch?v=lm4g0e3SUS8
Girl,"Addison Groove ""Push It""","Addison Groove ""Push It"" (Official Video)",2026-03-24,https://www.youtube.com/watch?v=sZTqpYDW9hM
Swing Ting,Creepin',Swing Ting - Creepin',2026-03-24,https://www.youtube.com/watch?v=Olop4wdsAbs
Manao,Furro,Manao - Furro,2026-03-24,https://www.youtube.com/watch?v=JOLRmPMAPsk
Monty DJ,Gina,Gina,2026-03-24,https://www.youtube.com/watch?v=95-M9kJ2_0A
Anton Neumark,Need You Tonight (Goodwill & Tommy Trash Remix),Need You Tonight (Goodwill & Tommy Trash Remix),2026-03-24,https://www.youtube.com/watch?v=JPKWxS4a01I
Buckley & Woodall,Kitch N Sync (Original Mix),Kitch N Sync (Original Mix),2026-03-24,https://www.youtube.com/watch?v=d-lBZuNov8Q
Gray,Compiland (Allan Banford Remix),Gray – Compiland (Allan Banford Remix),2026-03-24,https://www.youtube.com/watch?v=nrrrLl4mpHI
AAAA,Anorak,AAAA - Anorak,2026-03-24,https://www.youtube.com/watch?v=tqmtyIuFNdA
Ortin Cam & Charles Bells,Machine Code,Machine Code,2026-03-24,https://www.youtube.com/watch?v=VlyymzQ8_9Y
Christian Fischer,Everybody Needs,Everybody Needs,2026-03-24,https://www.youtube.com/watch?v=DpvgBPfUI9g
Male Model Machine,Electro Is Played Out (Cheshire Catz Remix),Electro Is Played Out (Cheshire Catz Remix),2026-03-24,https://www.youtube.com/watch?v=T-QZSFtkHJ0
INTERPLANETARY CRIMINAL,DANGEROUS [INSTINCT],INTERPLANETARY CRIMINAL - DANGEROUS [INSTINCT],2026-03-24,https://www.youtube.com/watch?v=dEhE5wLWEUk
Genius Cru,Angel,Genius Cru - Angel,2026-03-24,https://www.youtube.com/watch?v=jT-9QKpQ92c
Zed Bias,Let Me Know (Shake Ya Thing Remix) (DFL 010),Zed Bias - Let Me Know (Shake Ya Thing Remix) (DFL 010),2026-03-24,https://www.youtube.com/watch?v=FcABAAhpefw
Hector,Exit Acid (Clubwalker) (1996),Hector - Exit Acid (Clubwalker) (1996),2026-03-24,https://www.youtube.com/watch?v=gHkTLE44X1c
Traxman,Russshhhh,Russshhhh,2026-03-24,https://www.youtube.com/watch?v=VM7wBsbYU90
Beirutbiloma,Trible Vibes,Trible Vibes,2026-03-24,https://www.youtube.com/watch?v=h8DE-k7rbM4
Tomás Urquieta,Koob,Koob,2026-03-24,https://www.youtube.com/watch?v=RLPnakmGaKQ
QUASAR,October (Q/Dandy remix),QUASAR - October (Q/Dandy remix),2026-03-24,https://www.youtube.com/watch?v=DcZ9s0HypqY
Y U QT,NRG (El-B Remix),Y U QT - NRG (El-B Remix),2026-03-24,https://www.youtube.com/watch?v=Q134BFd7HqE
Eak,Eak – Slowly,Eak – Slowly,2026-03-24,https://www.youtube.com/watch?v=5wWw8vG3760
Paul C,Smoke,Paul C - Smoke,2026-03-24,https://www.youtube.com/watch?v=_E7P72i0N3E
Nite Life,Body Shake (Original Mix),Nite Life - Body Shake (Original Mix),2026-03-24,https://www.youtube.com/watch?v=vE3zIcUHYE0
L.X.R.,Elixir Of Love (Elixir House),L.X.R. - Elixir Of Love (Elixir House),2026-03-24,https://www.youtube.com/watch?v=Dl6einwb6yA
Latin Image,It's Been Cold (Radio Mix),Latin Image - It's Been Cold (Radio Mix),2026-03-24,https://www.youtube.com/watch?v=LRqNq6eDpgo
Audiophile,Audiophile – The Ride [SGR 009],Audiophile – The Ride [SGR 009],2026-03-24,https://www.youtube.com/watch?v=lskv9whlb7M
Quadsquad,Little Shaker Boys,Little Shaker Boys,2026-03-24,https://www.youtube.com/watch?v=0FWfHkvuYcQ
Giddy Aunt,2Inches,2Inches,2026-03-24,https://www.youtube.com/watch?v=768I7Pezl_I
Alphonse,Tribes of Atlantis [WRECKS015],Alphonse - Tribes of Atlantis [WRECKS015],2026-03-24,https://www.youtube.com/watch?v=4W-xwXTU1pw
